Perturbation,Member_Similarity (Dice),pfp0,pfp1,pfp2,pfp3,pfp4,pfp5,pfp6,pfp7,pfp8,pfp9,pfp10,pfp11,pfp12,pfp13,pfp14,pfp15,pfp16,pfp17,pfp18,pfp19,pfp20,pfp21,pfp22,pfp23,pfp24,pfp25,pfp26,pfp27,pfp28,pfp29,pfp30,pfp31,pfp32,pfp33,pfp34,pfp35,pfp36,pfp37,pfp38,pfp39,pfp40,pfp41,pfp42,pfp43,pfp44,pfp45,pfp46,pfp47,pfp48,pfp49,pfp50,pfp51,pfp52,pfp53,pfp54,pfp55,pfp56,pfp57,pfp58,pfp59,pfp60,pfp61,pfp62,pfp63,pfp64,pfp65,pfp66,pfp67,pfp68,pfp69,pfp70,pfp71,pfp72,pfp73,pfp74,pfp75,pfp76,pfp77,pfp78,pfp79,pfp80,pfp81,pfp82,pfp83,pfp84,pfp85,pfp86,pfp87,pfp88,pfp89,pfp90,pfp91,pfp92,pfp93,pfp94,pfp95,pfp96,pfp97,pfp98,pfp99,pfp100,pfp101,pfp102,pfp103,pfp104,pfp105,pfp106,pfp107,pfp108,pfp109,pfp110,pfp111,pfp112,pfp113,pfp114,pfp115,pfp116,pfp117,pfp118,pfp119,pfp120,pfp121,pfp122,pfp123,pfp124,pfp125,pfp126,pfp127,pfp128,pfp129,pfp130,pfp131,pfp132,pfp133,pfp134,pfp135,pfp136,pfp137,pfp138,pfp139,pfp140,pfp141,pfp142,pfp143,pfp144,pfp145,pfp146,pfp147,pfp148,pfp149,pfp150,pfp151,pfp152,pfp153,pfp154,pfp155,pfp156,pfp157,pfp158,pfp159,pfp160,pfp161,pfp162,pfp163,pfp164,pfp165,pfp166,pfp167,pfp168,pfp169,pfp170,pfp171,pfp172,pfp173,pfp174,pfp175,pfp176,pfp177,pfp178,pfp179,pfp180,pfp181,pfp182,pfp183,pfp184,pfp185,pfp186,pfp187,pfp188,pfp189,pfp190,pfp191,pfp192,pfp193,pfp194,pfp195,pfp196,pfp197,pfp198,pfp199,pfp200,pfp201,pfp202,pfp203,pfp204,pfp205,pfp206,pfp207,pfp208,pfp209,pfp210,pfp211,pfp212,pfp213,pfp214,pfp215,pfp216,pfp217,pfp218,pfp219,pfp220,pfp221,pfp222,pfp223,pfp224,pfp225,pfp226,pfp227,pfp228,pfp229,pfp230,pfp231,pfp232,pfp233,pfp234,pfp235,pfp236,pfp237,pfp238,pfp239,pfp240,pfp241,pfp242,pfp243,pfp244,pfp245,pfp246,pfp247,pfp248,pfp249,pfp250,pfp251,pfp252,pfp253,pfp254,pfp255
INT01>FXR49,0.9238754325259516,0,0,2,0,2,0,0,0,0,-1,0,0,0,0,2,0,1,0,0,0,0,1,0,0,0,0,0,1,0,2,0,2,0,0,0,0,0,1,0,0,0,0,0,0,0,0,0,0,0,-2,2,-1,0,0,-2,-1,2,0,0,0,1,-1,1,0,1,0,1,0,1,1,0,0,-1,0,1,0,0,0,0,1,1,1,0,0,1,0,0,0,0,0,0,2,0,0,1,0,0,0,0,0,0,1,0,0,0,0,0,0,0,0,0,0,0,0,0,-2,0,0,1,-1,0,-1,0,0,0,0,0,0,0,0,0,0,0,0,1,0,0,0,0,0,0,0,0,0,-1,0,2,0,2,-1,0,0,0,0,2,0,0,0,0,0,0,0,0,0,0,0,0,0,0,0,0,0,0,0,0,0,-1,0,0,0,0,0,0,-1,0,0,0,-1,0,0,0,-1,1,0,0,0,0,0,0,1,0,0,0,0,0,1,0,0,-1,0,0,2,1,2,0,1,2,0,0,2,0,0,0,0,0,0,0,0,0,0,0,0,0,0,1,0,0,0,0,0,0,-1,0,0,2,-2,0,-2,1,1,0,0,0,0,2,-2
FXR49>INT01,0.9238754325259516,0,0,-2,0,-2,0,0,0,0,1,0,0,0,0,-2,0,-1,0,0,0,0,-1,0,0,0,0,0,-1,0,-2,0,-2,0,0,0,0,0,-1,0,0,0,0,0,0,0,0,0,0,0,2,-2,1,0,0,2,1,-2,0,0,0,-1,1,-1,0,-1,0,-1,0,-1,-1,0,0,1,0,-1,0,0,0,0,-1,-1,-1,0,0,-1,0,0,0,0,0,0,-2,0,0,-1,0,0,0,0,0,0,-1,0,0,0,0,0,0,0,0,0,0,0,0,0,2,0,0,-1,1,0,1,0,0,0,0,0,0,0,0,0,0,0,0,-1,0,0,0,0,0,0,0,0,0,1,0,-2,0,-2,1,0,0,0,0,-2,0,0,0,0,0,0,0,0,0,0,0,0,0,0,0,0,0,0,0,0,0,1,0,0,0,0,0,0,1,0,0,0,1,0,0,0,1,-1,0,0,0,0,0,0,-1,0,0,0,0,0,-1,0,0,1,0,0,-2,-1,-2,0,-1,-2,0,0,-2,0,0,0,0,0,0,0,0,0,0,0,0,0,0,-1,0,0,0,0,0,0,1,0,0,-2,2,0,2,-1,-1,0,0,0,0,-2,2
FXR102>INT01,0.8053691275167785,-4,-5,-4,0,-4,-2,0,0,0,1,-6,-3,-1,0,-10,-2,0,0,0,0,0,0,-2,-2,0,-1,0,0,-2,-1,0,0,0,0,0,-1,0,-2,-1,0,0,-2,-2,-2,-1,-2,0,0,0,1,-2,1,0,0,1,0,-2,0,-2,-1,-1,1,0,0,-1,-8,-2,-4,-1,-1,0,0,-4,0,-1,-9,0,-4,-3,-7,0,0,0,0,0,0,0,0,0,0,1,0,0,0,0,-1,0,0,-2,0,0,-1,-1,0,0,0,0,-1,-2,-2,-2,0,0,0,-1,0,-2,0,-1,1,0,1,0,0,0,0,-2,0,0,0,-4,-7,0,-4,-3,0,-6,-5,0,-4,-5,0,-2,0,1,0,0,0,0,0,0,0,0,0,0,0,0,0,-1,0,0,0,-2,0,0,0,0,0,0,-2,0,0,0,-2,-2,0,1,0,0,-2,1,0,0,0,0,0,0,1,0,0,0,1,-3,0,-4,0,-2,0,0,-5,-2,-4,-2,0,-2,-7,0,0,1,0,0,0,-1,0,0,-2,0,0,0,0,-1,-2,0,0,-1,0,0,0,-3,0,0,0,0,0,-5,-2,0,0,0,0,-2,1,0,-2,-2,2,0,2,0,0,0,0,0,0,-2,2
INT01>FXR102,0.8053691275167785,4,5,4,0,4,2,0,0,0,-1,6,3,1,0,10,2,0,0,0,0,0,0,2,2,0,1,0,0,2,1,0,0,0,0,0,1,0,2,1,0,0,2,2,2,1,2,0,0,0,-1,2,-1,0,0,-1,0,2,0,2,1,1,-1,0,0,1,8,2,4,1,1,0,0,4,0,1,9,0,4,3,7,0,0,0,0,0,0,0,0,0,0,-1,0,0,0,0,1,0,0,2,0,0,1,1,0,0,0,0,1,2,2,2,0,0,0,1,0,2,0,1,-1,0,-1,0,0,0,0,2,0,0,0,4,7,0,4,3,0,6,5,0,4,5,0,2,0,-1,0,0,0,0,0,0,0,0,0,0,0,0,0,1,0,0,0,2,0,0,0,0,0,0,2,0,0,0,2,2,0,-1,0,0,2,-1,0,0,0,0,0,0,-1,0,0,0,-1,3,0,4,0,2,0,0,5,2,4,2,0,2,7,0,0,-1,0,0,0,1,0,0,2,0,0,0,0,1,2,0,0,1,0,0,0,3,0,0,0,0,0,5,2,0,0,0,0,2,-1,0,2,2,-2,0,-2,0,0,0,0,0,0,2,-2
FXR49>FXR46,0.9445378151260504,0,0,0,0,0,0,0,0,0,0,0,0,0,1,0,0,-1,2,0,0,0,-1,0,0,0,0,0,-1,0,-2,2,-2,0,0,0,1,0,0,0,0,0,0,0,1,0,0,1,0,0,0,0,0,0,0,0,0,1,0,0,0,0,1,-1,0,0,0,0,0,0,0,0,0,0,0,0,0,0,0,0,2,-1,-1,0,0,-1,0,0,0,0,0,-1,-2,0,1,-1,0,1,0,0,0,0,0,0,0,1,0,0,0,0,0,0,1,0,0,0,0,0,0,1,0,0,0,0,0,0,0,0,0,0,0,0,0,0,0,0,0,0,0,0,0,0,0,0,0,0,0,-1,0,-2,0,0,0,0,0,-2,0,1,0,0,0,0,0,0,0,0,0,0,0,0,2,1,0,1,0,0,0,0,0,0,0,-1,0,0,0,0,0,0,0,0,0,0,0,0,0,0,0,0,0,0,0,0,0,0,1,0,0,0,0,0,0,0,-2,-1,-2,0,-1,-2,0,0,-2,0,0,0,2,0,0,1,0,0,0,0,0,4,0,0,0,0,0,0,0,0,1,1,0,0,0,0,0,-1,-1,0,0,0,0,1,0
FXR46>FXR49,0.9445378151260504,0,0,0,0,0,0,0,0,0,0,0,0,0,-1,0,0,1,-2,0,0,0,1,0,0,0,0,0,1,0,2,-2,2,0,0,0,-1,0,0,0,0,0,0,0,-1,0,0,-1,0,0,0,0,0,0,0,0,0,-1,0,0,0,0,-1,1,0,0,0,0,0,0,0,0,0,0,0,0,0,0,0,0,-2,1,1,0,0,1,0,0,0,0,0,1,2,0,-1,1,0,-1,0,0,0,0,0,0,0,-1,0,0,0,0,0,0,-1,0,0,0,0,0,0,-1,0,0,0,0,0,0,0,0,0,0,0,0,0,0,0,0,0,0,0,0,0,0,0,0,0,0,0,1,0,2,0,0,0,0,0,2,0,-1,0,0,0,0,0,0,0,0,0,0,0,0,-2,-1,0,-1,0,0,0,0,0,0,0,1,0,0,0,0,0,0,0,0,0,0,0,0,0,0,0,0,0,0,0,0,0,0,-1,0,0,0,0,0,0,0,2,1,2,0,1,2,0,0,2,0,0,0,-2,0,0,-1,0,0,0,0,0,-4,0,0,0,0,0,0,0,0,-1,-1,0,0,0,0,0,1,1,0,0,0,0,-1,0
FXR49>FXR91,0.8817598533455545,0,0,-2,0,-2,0,0,-1,0,1,0,-3,0,0,-3,0,-1,1,0,0,0,-1,0,0,0,0,0,-1,0,-2,0,-2,0,0,0,0,0,-1,0,0,0,0,0,0,-1,0,-1,0,-2,0,-4,0,0,0,0,0,-4,0,0,0,-1,1,-1,0,-1,-2,-1,0,-2,-3,0,0,0,0,-1,0,0,0,0,-2,-1,-1,0,0,-1,0,0,0,0,0,-1,-2,0,0,-1,0,0,0,0,0,-1,-2,0,0,0,0,0,0,0,0,0,0,2,0,0,-2,1,-1,-1,1,0,-2,0,0,1,-1,0,0,-2,0,1,-3,0,-1,-3,0,0,-1,0,0,0,0,0,0,0,0,-2,0,-2,0,0,0,0,0,-2,1,0,0,0,0,0,0,0,0,0,0,-1,0,0,0,0,0,0,0,0,0,2,0,0,0,-1,-2,0,0,0,0,0,0,0,0,0,0,-1,0,0,-1,0,-1,-1,-2,0,0,-2,0,0,-1,0,0,0,0,0,-1,-1,-2,1,-1,-2,0,0,-2,0,0,0,0,0,0,-1,0,0,0,0,0,0,0,-1,0,0,0,0,0,0,-1,0,0,-3,1,0,-3,-1,-3,0,1,0,0,-1,0
FXR91>FXR49,0.8817598533455545,0,0,2,0,2,0,0,1,0,-1,0,3,0,0,3,0,1,-1,0,0,0,1,0,0,0,0,0,1,0,2,0,2,0,0,0,0,0,1,0,0,0,0,0,0,1,0,1,0,2,0,4,0,0,0,0,0,4,0,0,0,1,-1,1,0,1,2,1,0,2,3,0,0,0,0,1,0,0,0,0,2,1,1,0,0,1,0,0,0,0,0,1,2,0,0,1,0,0,0,0,0,1,2,0,0,0,0,0,0,0,0,0,0,-2,0,0,2,-1,1,1,-1,0,2,0,0,-1,1,0,0,2,0,-1,3,0,1,3,0,0,1,0,0,0,0,0,0,0,0,2,0,2,0,0,0,0,0,2,-1,0,0,0,0,0,0,0,0,0,0,1,0,0,0,0,0,0,0,0,0,-2,0,0,0,1,2,0,0,0,0,0,0,0,0,0,0,1,0,0,1,0,1,1,2,0,0,2,0,0,1,0,0,0,0,0,1,1,2,-1,1,2,0,0,2,0,0,0,0,0,0,1,0,0,0,0,0,0,0,1,0,0,0,0,0,0,1,0,0,3,-1,0,3,1,3,0,-1,0,0,1,0
FXR91>INT02,0.8744271310724107,0,0,1,0,1,0,0,1,0,0,0,4,0,0,2,0,2,0,-1,0,0,2,0,-1,2,0,0,2,0,0,0,0,0,0,0,1,0,0,0,0,0,0,0,0,1,0,0,0,2,-1,2,0,0,1,3,-1,3,1,-1,0,0,-1,0,0,0,2,0,0,1,2,0,0,0,0,1,1,0,0,0,2,1,1,0,0,1,0,0,0,0,0,1,2,0,-1,2,0,0,0,0,0,1,0,0,0,0,0,0,0,0,1,0,0,-2,0,3,4,0,2,0,0,0,2,0,0,-1,1,0,0,2,0,-1,4,0,2,4,0,0,2,0,0,0,0,0,0,0,1,1,0,1,0,0,1,0,0,2,0,0,1,0,0,0,0,0,0,1,0,1,1,0,0,0,0,0,0,0,0,2,0,1,-2,-1,2,1,0,0,0,0,0,0,0,1,0,2,0,2,-1,0,1,2,2,1,0,0,0,0,0,0,0,0,0,0,2,0,2,0,1,-1,0,0,2,0,0,0,0,0,0,0,0,0,0,0,1,0,0,0,0,0,0,0,1,0,-1,0,0,2,-1,0,2,0,0,0,0,0,0,2,-1
INT02>FXR91,0.8744271310724107,0,0,-1,0,-1,0,0,-1,0,0,0,-4,0,0,-2,0,-2,0,1,0,0,-2,0,1,-2,0,0,-2,0,0,0,0,0,0,0,-1,0,0,0,0,0,0,0,0,-1,0,0,0,-2,1,-2,0,0,-1,-3,1,-3,-1,1,0,0,1,0,0,0,-2,0,0,-1,-2,0,0,0,0,-1,-1,0,0,0,-2,-1,-1,0,0,-1,0,0,0,0,0,-1,-2,0,1,-2,0,0,0,0,0,-1,0,0,0,0,0,0,0,0,-1,0,0,2,0,-3,-4,0,-2,0,0,0,-2,0,0,1,-1,0,0,-2,0,1,-4,0,-2,-4,0,0,-2,0,0,0,0,0,0,0,-1,-1,0,-1,0,0,-1,0,0,-2,0,0,-1,0,0,0,0,0,0,-1,0,-1,-1,0,0,0,0,0,0,0,0,-2,0,-1,2,1,-2,-1,0,0,0,0,0,0,0,-1,0,-2,0,-2,1,0,-1,-2,-2,-1,0,0,0,0,0,0,0,0,0,0,-2,0,-2,0,-1,1,0,0,-2,0,0,0,0,0,0,0,0,0,0,0,-1,0,0,0,0,0,0,0,-1,0,1,0,0,-2,1,0,-2,0,0,0,0,0,0,-2,1
INT02>FXR47,0.908802537668517,1,1,1,0,1,1,0,0,0,0,1,1,1,0,2,0,-1,1,0,0,0,-2,0,0,0,0,2,-1,0,1,0,1,0,0,0,0,0,1,0,0,0,0,1,0,0,0,0,0,1,0,0,0,0,0,0,2,-1,-1,0,0,0,2,0,0,1,2,0,0,0,1,0,0,0,0,1,1,0,0,0,2,1,-1,1,0,-1,1,0,0,0,0,1,-2,0,0,-1,1,0,0,0,0,0,0,0,0,1,1,0,0,0,0,0,0,0,0,-1,0,0,1,2,0,0,2,0,0,0,0,2,0,1,0,0,2,0,2,0,0,0,0,0,2,2,0,2,0,1,-1,1,0,-1,0,0,0,0,2,0,1,0,-1,0,1,0,0,0,0,0,0,0,0,0,0,0,0,0,0,0,1,0,0,0,0,1,1,0,0,0,0,1,1,0,0,0,2,0,1,2,0,0,0,0,2,0,2,3,0,0,2,0,0,0,0,1,-1,0,-2,1,-1,1,0,0,-2,4,0,1,0,0,0,0,0,0,0,0,0,0,0,0,0,0,0,0,0,0,0,1,0,1,0,1,-1,0,0,0,0,1,0,0,1
FXR47>INT02,0.908802537668517,-1,-1,-1,0,-1,-1,0,0,0,0,-1,-1,-1,0,-2,0,1,-1,0,0,0,2,0,0,0,0,-2,1,0,-1,0,-1,0,0,0,0,0,-1,0,0,0,0,-1,0,0,0,0,0,-1,0,0,0,0,0,0,-2,1,1,0,0,0,-2,0,0,-1,-2,0,0,0,-1,0,0,0,0,-1,-1,0,0,0,-2,-1,1,-1,0,1,-1,0,0,0,0,-1,2,0,0,1,-1,0,0,0,0,0,0,0,0,-1,-1,0,0,0,0,0,0,0,0,1,0,0,-1,-2,0,0,-2,0,0,0,0,-2,0,-1,0,0,-2,0,-2,0,0,0,0,0,-2,-2,0,-2,0,-1,1,-1,0,1,0,0,0,0,-2,0,-1,0,1,0,-1,0,0,0,0,0,0,0,0,0,0,0,0,0,0,0,-1,0,0,0,0,-1,-1,0,0,0,0,-1,-1,0,0,0,-2,0,-1,-2,0,0,0,0,-2,0,-2,-3,0,0,-2,0,0,0,0,-1,1,0,2,-1,1,-1,0,0,2,-4,0,-1,0,0,0,0,0,0,0,0,0,0,0,0,0,0,0,0,0,0,0,-1,0,-1,0,-1,1,0,0,0,0,-1,0,0,-1
FXR91>FXR93,0.8870967741935484,0,0,0,0,-1,-1,-1,1,0,-1,0,-1,0,0,-1,0,-1,0,-3,0,0,0,0,0,0,0,0,0,0,-2,0,-2,-1,0,0,0,-3,0,0,-1,0,0,0,1,0,0,1,-1,1,0,0,0,0,0,0,1,4,0,0,0,2,1,0,0,0,0,1,0,0,0,1,1,0,0,1,0,0,0,0,0,0,0,0,0,0,0,0,0,-1,0,0,0,-2,0,0,0,0,-1,1,0,1,0,0,-1,0,0,-1,0,0,0,0,0,0,0,0,1,-1,0,0,0,0,2,0,0,0,1,0,0,0,0,0,-1,0,2,-1,0,0,-1,0,2,0,0,0,0,0,0,0,0,0,0,0,0,0,0,0,0,1,-1,0,-1,0,-1,0,0,0,0,-1,0,0,1,0,0,0,0,0,0,2,0,2,3,0,0,0,-2,0,0,0,0,0,0,3,-3,0,0,0,-1,2,-2,0,3,2,0,0,0,0,0,0,0,-2,1,0,-3,0,0,1,1,0,0,0,0,0,0,-2,3,0,0,0,0,0,0,-1,-4,-1,0,0,0,0,0,0,0,0,0,3,0,0,0,0,0,0,0,0,-1,0,0,1,1
FXR93>FXR91,0.8870967741935484,0,0,0,0,1,1,1,-1,0,1,0,1,0,0,1,0,1,0,3,0,0,0,0,0,0,0,0,0,0,2,0,2,1,0,0,0,3,0,0,1,0,0,0,-1,0,0,-1,1,-1,0,0,0,0,0,0,-1,-4,0,0,0,-2,-1,0,0,0,0,-1,0,0,0,-1,-1,0,0,-1,0,0,0,0,0,0,0,0,0,0,0,0,0,1,0,0,0,2,0,0,0,0,1,-1,0,-1,0,0,1,0,0,1,0,0,0,0,0,0,0,0,-1,1,0,0,0,0,-2,0,0,0,-1,0,0,0,0,0,1,0,-2,1,0,0,1,0,-2,0,0,0,0,0,0,0,0,0,0,0,0,0,0,0,0,-1,1,0,1,0,1,0,0,0,0,1,0,0,-1,0,0,0,0,0,0,-2,0,-2,-3,0,0,0,2,0,0,0,0,0,0,-3,3,0,0,0,1,-2,2,0,-3,-2,0,0,0,0,0,0,0,2,-1,0,3,0,0,-1,-1,0,0,0,0,0,0,2,-3,0,0,0,0,0,0,1,4,1,0,0,0,0,0,0,0,0,0,-3,0,0,0,0,0,0,0,0,1,0,0,-1,-1
FXR91>FXR101,0.8799266727772685,0,2,2,1,2,0,0,1,2,-1,0,3,0,0,3,1,0,-1,0,0,0,0,0,0,0,0,0,0,0,0,0,0,0,0,0,0,0,1,0,0,0,0,0,0,1,0,1,0,2,0,4,0,0,0,1,0,4,0,0,0,1,-1,2,0,2,2,1,0,3,3,0,0,0,0,1,0,1,0,0,3,0,0,0,0,0,0,0,0,0,0,0,0,0,1,0,0,0,0,0,0,1,2,0,0,0,0,0,0,0,0,0,0,-2,0,0,2,-1,1,1,-1,0,2,0,0,-1,2,0,0,2,0,-1,3,0,1,3,0,2,1,0,0,0,0,0,0,0,0,0,0,0,0,0,0,0,0,0,-1,0,0,1,0,0,0,0,0,0,0,1,0,0,0,0,0,0,0,0,0,-2,0,0,0,0,2,0,0,0,0,0,0,1,0,0,0,2,0,1,2,0,1,1,2,0,2,2,1,0,1,1,0,0,0,0,-1,0,0,-1,0,1,0,1,0,0,1,0,0,0,0,1,0,0,0,0,0,0,0,1,0,1,0,0,0,0,3,0,0,3,-1,0,3,0,2,0,-1,0,0,1,2
FXR101>FXR91,0.8799266727772685,0,-2,-2,-1,-2,0,0,-1,-2,1,0,-3,0,0,-3,-1,0,1,0,0,0,0,0,0,0,0,0,0,0,0,0,0,0,0,0,0,0,-1,0,0,0,0,0,0,-1,0,-1,0,-2,0,-4,0,0,0,-1,0,-4,0,0,0,-1,1,-2,0,-2,-2,-1,0,-3,-3,0,0,0,0,-1,0,-1,0,0,-3,0,0,0,0,0,0,0,0,0,0,0,0,0,-1,0,0,0,0,0,0,-1,-2,0,0,0,0,0,0,0,0,0,0,2,0,0,-2,1,-1,-1,1,0,-2,0,0,1,-2,0,0,-2,0,1,-3,0,-1,-3,0,-2,-1,0,0,0,0,0,0,0,0,0,0,0,0,0,0,0,0,0,1,0,0,-1,0,0,0,0,0,0,0,-1,0,0,0,0,0,0,0,0,0,2,0,0,0,0,-2,0,0,0,0,0,0,-1,0,0,0,-2,0,-1,-2,0,-1,-1,-2,0,-2,-2,-1,0,-1,-1,0,0,0,0,1,0,0,1,0,-1,0,-1,0,0,-1,0,0,0,0,-1,0,0,0,0,0,0,0,-1,0,-1,0,0,0,0,-3,0,0,-3,1,0,-3,0,-2,0,1,0,0,-1,-2
FXR46>FXR100,0.9289795918367347,0,0,-2,0,-2,0,1,1,1,0,0,1,0,0,-2,0,0,0,0,0,0,0,0,0,0,1,0,0,0,0,0,0,0,0,0,0,0,-1,0,0,0,0,0,0,0,0,1,0,2,2,-2,0,0,0,2,-2,-3,1,0,0,-1,1,0,0,-1,0,-1,0,0,0,0,0,1,0,-1,2,0,0,0,-1,0,0,0,0,0,0,0,0,0,0,0,0,1,0,0,0,0,0,0,0,0,0,0,0,0,0,0,0,0,0,0,0,0,0,1,1,0,1,-1,1,0,0,1,0,0,0,0,0,2,0,0,1,1,0,0,0,0,1,1,0,0,0,0,0,0,0,0,0,0,0,0,0,0,0,0,0,1,0,0,0,0,0,0,0,0,0,0,0,1,0,0,0,0,0,0,1,0,0,0,0,1,3,0,0,0,0,0,2,0,0,0,0,-1,0,0,1,0,1,1,0,0,1,0,0,0,-1,0,0,0,0,0,0,0,0,0,0,0,0,0,0,0,0,0,1,0,0,1,0,0,0,0,0,0,0,-1,0,0,0,0,0,0,5,0,0,-1,0,0,5,2,2,0,3,0,0,-2,0
FXR100>FXR46,0.9289795918367347,0,0,2,0,2,0,-1,-1,-1,0,0,-1,0,0,2,0,0,0,0,0,0,0,0,0,0,-1,0,0,0,0,0,0,0,0,0,0,0,1,0,0,0,0,0,0,0,0,-1,0,-2,-2,2,0,0,0,-2,2,3,-1,0,0,1,-1,0,0,1,0,1,0,0,0,0,0,-1,0,1,-2,0,0,0,1,0,0,0,0,0,0,0,0,0,0,0,0,-1,0,0,0,0,0,0,0,0,0,0,0,0,0,0,0,0,0,0,0,0,0,-1,-1,0,-1,1,-1,0,0,-1,0,0,0,0,0,-2,0,0,-1,-1,0,0,0,0,-1,-1,0,0,0,0,0,0,0,0,0,0,0,0,0,0,0,0,0,-1,0,0,0,0,0,0,0,0,0,0,0,-1,0,0,0,0,0,0,-1,0,0,0,0,-1,-3,0,0,0,0,0,-2,0,0,0,0,1,0,0,-1,0,-1,-1,0,0,-1,0,0,0,1,0,0,0,0,0,0,0,0,0,0,0,0,0,0,0,0,0,-1,0,0,-1,0,0,0,0,0,0,0,1,0,0,0,0,0,0,-5,0,0,1,0,0,-5,-2,-2,0,-3,0,0,2,0
FXR46>FXR98,0.9191836734693878,0,0,0,1,0,0,0,0,0,0,0,0,0,-1,0,0,3,-2,0,0,0,1,0,2,2,0,1,1,1,2,-2,1,0,0,1,-1,0,0,0,1,0,0,1,-1,0,1,-1,0,0,0,0,0,0,0,0,0,-1,0,1,0,1,-1,0,1,0,0,0,0,0,0,0,0,0,0,0,0,0,0,0,-2,2,0,1,0,0,0,0,0,0,0,2,0,0,-1,4,0,0,1,0,0,0,0,0,0,-1,0,0,0,1,0,0,-1,0,0,0,0,0,1,-1,0,0,1,0,0,0,0,0,0,0,0,0,0,0,0,0,0,0,0,0,0,0,0,0,0,1,0,1,0,3,0,0,0,0,2,2,0,-1,0,0,1,0,0,0,1,0,0,0,0,0,-2,-1,0,-1,0,0,1,0,0,0,0,0,0,0,0,0,0,1,2,0,0,0,0,0,0,0,0,0,0,0,0,0,0,0,-1,0,0,0,0,0,0,0,1,0,0,3,0,1,0,0,0,6,0,0,-2,0,0,-1,1,0,0,0,1,-4,2,0,0,0,0,0,0,0,-1,-1,0,0,0,0,0,0,0,0,0,0,0,-1,2
FXR98>FXR46,0.9191836734693878,0,0,0,-1,0,0,0,0,0,0,0,0,0,1,0,0,-3,2,0,0,0,-1,0,-2,-2,0,-1,-1,-1,-2,2,-1,0,0,-1,1,0,0,0,-1,0,0,-1,1,0,-1,1,0,0,0,0,0,0,0,0,0,1,0,-1,0,-1,1,0,-1,0,0,0,0,0,0,0,0,0,0,0,0,0,0,0,2,-2,0,-1,0,0,0,0,0,0,0,-2,0,0,1,-4,0,0,-1,0,0,0,0,0,0,1,0,0,0,-1,0,0,1,0,0,0,0,0,-1,1,0,0,-1,0,0,0,0,0,0,0,0,0,0,0,0,0,0,0,0,0,0,0,0,0,0,-1,0,-1,0,-3,0,0,0,0,-2,-2,0,1,0,0,-1,0,0,0,-1,0,0,0,0,0,2,1,0,1,0,0,-1,0,0,0,0,0,0,0,0,0,0,-1,-2,0,0,0,0,0,0,0,0,0,0,0,0,0,0,0,1,0,0,0,0,0,0,0,-1,0,0,-3,0,-1,0,0,0,-6,0,0,2,0,0,1,-1,0,0,0,-1,4,-2,0,0,0,0,0,0,0,1,1,0,0,0,0,0,0,0,0,0,0,0,1,-2
FXR46>FXR96,0.8961141950832673,0,0,0,0,0,0,0,0,0,0,0,0,0,-1,0,0,2,-2,0,0,0,2,2,2,4,0,2,2,2,0,-2,3,0,0,0,0,0,1,1,0,0,1,0,-1,1,0,-1,0,0,0,0,0,0,0,0,0,-1,0,0,1,2,-1,0,0,0,0,0,0,0,0,0,0,0,0,0,0,0,0,1,-2,4,0,2,0,0,0,0,0,0,0,4,0,0,-1,2,1,-1,0,0,0,0,0,1,0,-1,0,0,1,0,2,0,-1,0,0,0,0,0,2,-1,0,0,0,0,0,0,0,0,0,0,0,0,0,0,0,0,0,0,0,0,0,1,0,0,0,2,0,3,0,6,1,0,0,0,4,4,0,-1,0,1,0,0,0,0,0,0,0,0,0,0,0,-1,0,-1,0,1,0,0,0,0,0,0,0,0,0,0,0,2,2,0,0,0,0,0,0,0,0,0,0,0,0,0,0,0,-1,0,0,0,0,0,0,0,2,1,0,2,2,2,0,0,0,8,2,0,-2,1,0,-1,0,1,0,0,0,-4,0,2,0,0,0,0,0,0,-1,-1,1,0,0,0,0,0,0,0,0,0,0,-1,2
FXR96>FXR46,0.8961141950832673,0,0,0,0,0,0,0,0,0,0,0,0,0,1,0,0,-2,2,0,0,0,-2,-2,-2,-4,0,-2,-2,-2,0,2,-3,0,0,0,0,0,-1,-1,0,0,-1,0,1,-1,0,1,0,0,0,0,0,0,0,0,0,1,0,0,-1,-2,1,0,0,0,0,0,0,0,0,0,0,0,0,0,0,0,0,-1,2,-4,0,-2,0,0,0,0,0,0,0,-4,0,0,1,-2,-1,1,0,0,0,0,0,-1,0,1,0,0,-1,0,-2,0,1,0,0,0,0,0,-2,1,0,0,0,0,0,0,0,0,0,0,0,0,0,0,0,0,0,0,0,0,0,-1,0,0,0,-2,0,-3,0,-6,-1,0,0,0,-4,-4,0,1,0,-1,0,0,0,0,0,0,0,0,0,0,0,1,0,1,0,-1,0,0,0,0,0,0,0,0,0,0,0,-2,-2,0,0,0,0,0,0,0,0,0,0,0,0,0,0,0,1,0,0,0,0,0,0,0,-2,-1,0,-2,-2,-2,0,0,0,-8,-2,0,2,-1,0,1,0,-1,0,0,0,4,0,-2,0,0,0,0,0,0,1,1,-1,0,0,0,0,0,0,0,0,0,0,1,-2
FXR91>FXR96,0.8296041308089501,0,0,2,0,2,0,0,1,0,-1,0,3,0,0,3,0,2,-1,0,0,0,2,2,2,4,0,2,2,2,0,0,3,0,0,0,1,0,2,1,0,0,1,0,0,2,0,1,0,2,0,4,0,0,0,0,0,4,0,0,1,3,-1,0,0,1,2,1,0,2,3,0,0,0,0,1,0,0,0,1,2,4,0,2,0,0,0,0,0,0,0,4,0,0,0,2,1,0,0,0,0,1,2,1,0,0,0,0,1,0,2,0,0,-2,0,0,2,-1,3,1,-1,0,2,0,0,-1,1,0,0,2,0,-1,3,0,1,3,0,0,1,0,0,1,0,0,0,2,0,4,0,6,1,0,0,0,4,4,-1,0,0,1,0,0,0,0,0,0,0,1,0,0,2,0,0,0,0,1,0,-2,0,0,0,0,2,0,0,0,0,2,2,0,0,0,0,1,0,0,1,0,1,1,2,0,0,2,0,0,1,0,0,0,0,0,1,1,0,1,2,2,0,0,0,8,2,0,0,1,0,1,0,1,0,0,0,0,0,3,0,0,0,0,0,0,1,0,1,3,-1,0,3,0,2,0,-1,0,0,1,2
FXR96>FXR91,0.8296041308089501,0,0,-2,0,-2,0,0,-1,0,1,0,-3,0,0,-3,0,-2,1,0,0,0,-2,-2,-2,-4,0,-2,-2,-2,0,0,-3,0,0,0,-1,0,-2,-1,0,0,-1,0,0,-2,0,-1,0,-2,0,-4,0,0,0,0,0,-4,0,0,-1,-3,1,0,0,-1,-2,-1,0,-2,-3,0,0,0,0,-1,0,0,0,-1,-2,-4,0,-2,0,0,0,0,0,0,0,-4,0,0,0,-2,-1,0,0,0,0,-1,-2,-1,0,0,0,0,-1,0,-2,0,0,2,0,0,-2,1,-3,-1,1,0,-2,0,0,1,-1,0,0,-2,0,1,-3,0,-1,-3,0,0,-1,0,0,-1,0,0,0,-2,0,-4,0,-6,-1,0,0,0,-4,-4,1,0,0,-1,0,0,0,0,0,0,0,-1,0,0,-2,0,0,0,0,-1,0,2,0,0,0,0,-2,0,0,0,0,-2,-2,0,0,0,0,-1,0,0,-1,0,-1,-1,-2,0,0,-2,0,0,-1,0,0,0,0,0,-1,-1,0,-1,-2,-2,0,0,0,-8,-2,0,0,-1,0,-1,0,-1,0,0,0,0,0,-3,0,0,0,0,0,0,-1,0,-1,-3,1,0,-3,0,-2,0,1,0,0,-1,-2
FXR91>FXR99,0.8987701040681173,0,0,1,0,0,0,0,0,0,-1,0,3,1,0,1,0,1,-1,0,0,0,1,0,0,0,0,1,1,0,3,0,3,0,0,0,0,0,0,0,0,0,0,1,0,1,0,0,0,1,-2,2,0,0,0,-2,0,2,0,0,0,0,1,1,0,0,3,0,0,0,2,0,0,-1,0,0,0,0,0,0,4,1,1,0,0,0,0,0,0,0,0,1,2,0,0,1,0,0,0,0,0,1,0,0,0,0,0,0,0,0,0,0,0,-2,0,0,1,-1,0,2,-2,0,4,0,0,-1,1,2,0,1,0,-1,3,0,1,1,0,0,1,0,0,0,0,1,0,0,0,2,0,2,0,0,0,0,0,2,0,0,0,0,0,0,0,0,0,0,0,1,0,0,0,0,0,0,0,0,0,-2,0,0,0,1,1,0,0,0,0,0,0,0,0,0,2,0,0,0,0,0,0,0,2,0,0,0,0,0,2,0,0,0,0,0,1,1,2,-1,0,2,0,0,2,0,0,0,0,0,0,0,0,0,0,0,0,0,0,0,0,0,0,0,0,0,-1,0,0,1,-1,0,0,1,1,0,-1,1,0,-1,0
FXR99>FXR91,0.8987701040681173,0,0,-1,0,0,0,0,0,0,1,0,-3,-1,0,-1,0,-1,1,0,0,0,-1,0,0,0,0,-1,-1,0,-3,0,-3,0,0,0,0,0,0,0,0,0,0,-1,0,-1,0,0,0,-1,2,-2,0,0,0,2,0,-2,0,0,0,0,-1,-1,0,0,-3,0,0,0,-2,0,0,1,0,0,0,0,0,0,-4,-1,-1,0,0,0,0,0,0,0,0,-1,-2,0,0,-1,0,0,0,0,0,-1,0,0,0,0,0,0,0,0,0,0,0,2,0,0,-1,1,0,-2,2,0,-4,0,0,1,-1,-2,0,-1,0,1,-3,0,-1,-1,0,0,-1,0,0,0,0,-1,0,0,0,-2,0,-2,0,0,0,0,0,-2,0,0,0,0,0,0,0,0,0,0,0,-1,0,0,0,0,0,0,0,0,0,2,0,0,0,-1,-1,0,0,0,0,0,0,0,0,0,-2,0,0,0,0,0,0,0,-2,0,0,0,0,0,-2,0,0,0,0,0,-1,-1,-2,1,0,-2,0,0,-2,0,0,0,0,0,0,0,0,0,0,0,0,0,0,0,0,0,0,0,0,0,1,0,0,-1,1,0,0,-1,-1,0,1,-1,0,1,0
FXR96>FXR17,0.8723723723723724,0,2,1,0,1,1,0,0,0,0,1,1,1,0,1,0,-2,2,0,1,0,-2,-2,-2,-4,0,-2,0,-2,0,0,-2,0,0,0,-1,0,-1,-1,0,0,-1,1,1,-1,0,0,0,2,0,0,3,0,1,0,2,0,0,0,-1,-2,2,0,0,0,3,0,1,0,0,0,0,0,0,0,2,0,2,-1,2,-2,1,-1,0,0,1,0,0,0,0,-1,0,0,0,-1,0,0,0,0,0,0,0,-1,0,0,0,0,-1,0,-2,1,0,0,0,0,0,0,-1,0,0,0,0,1,1,0,0,2,0,0,0,0,2,0,2,0,0,2,4,0,2,-1,0,1,0,-2,0,-3,0,-6,-1,0,1,0,-3,-4,0,0,2,-1,3,0,0,0,0,0,0,0,0,0,-2,0,0,0,0,-1,0,0,0,0,0,0,0,0,0,0,0,-2,-2,1,0,0,1,0,0,1,1,0,0,0,2,0,1,1,0,0,3,0,0,0,0,0,-1,-1,0,-1,-2,-1,3,0,1,-6,-2,1,0,-1,0,0,0,0,0,0,0,0,0,-2,1,0,0,0,0,2,1,1,-1,0,0,2,0,0,0,0,0,2,0,0,-2
FXR17>FXR96,0.8723723723723724,0,-2,-1,0,-1,-1,0,0,0,0,-1,-1,-1,0,-1,0,2,-2,0,-1,0,2,2,2,4,0,2,0,2,0,0,2,0,0,0,1,0,1,1,0,0,1,-1,-1,1,0,0,0,-2,0,0,-3,0,-1,0,-2,0,0,0,1,2,-2,0,0,0,-3,0,-1,0,0,0,0,0,0,0,-2,0,-2,1,-2,2,-1,1,0,0,-1,0,0,0,0,1,0,0,0,1,0,0,0,0,0,0,0,1,0,0,0,0,1,0,2,-1,0,0,0,0,0,0,1,0,0,0,0,-1,-1,0,0,-2,0,0,0,0,-2,0,-2,0,0,-2,-4,0,-2,1,0,-1,0,2,0,3,0,6,1,0,-1,0,3,4,0,0,-2,1,-3,0,0,0,0,0,0,0,0,0,2,0,0,0,0,1,0,0,0,0,0,0,0,0,0,0,0,2,2,-1,0,0,-1,0,0,-1,-1,0,0,0,-2,0,-1,-1,0,0,-3,0,0,0,0,0,1,1,0,1,2,1,-3,0,-1,6,2,-1,0,1,0,0,0,0,0,0,0,0,0,2,-1,0,0,0,0,-2,-1,-1,1,0,0,-2,0,0,0,0,0,-2,0,0,2
FXR96>FXR98,0.9351851851851852,0,0,0,1,0,0,0,0,0,0,0,0,0,0,0,0,1,0,0,0,0,-1,-2,0,-2,0,-1,-1,-1,2,0,-2,0,0,1,-1,0,-1,-1,1,0,-1,1,0,-1,1,0,0,0,0,0,0,0,0,0,0,0,0,1,-1,-1,0,0,1,0,0,0,0,0,0,0,0,0,0,0,0,0,0,-1,0,-2,0,-1,0,0,0,0,0,0,0,-2,0,0,0,2,-1,1,1,0,0,0,0,-1,0,0,0,0,-1,1,-2,0,0,0,0,0,0,0,-1,0,0,0,1,0,0,0,0,0,0,0,0,0,0,0,0,0,0,0,0,0,0,-1,0,0,0,-1,0,-2,0,-3,-1,0,0,0,-2,-2,0,0,0,-1,1,0,0,0,1,0,0,0,0,0,-2,0,0,0,0,-1,1,0,0,0,0,0,0,0,0,0,0,-1,0,0,0,0,0,0,0,0,0,0,0,0,0,0,0,0,0,0,0,0,0,0,0,0,-1,-1,0,1,-2,-1,0,0,0,-2,-2,0,0,-1,0,0,1,-1,0,0,1,0,2,-2,0,0,0,0,0,0,0,0,-1,0,0,0,0,0,0,0,0,0,0,0,0
FXR98>FXR96,0.9351851851851852,0,0,0,-1,0,0,0,0,0,0,0,0,0,0,0,0,-1,0,0,0,0,1,2,0,2,0,1,1,1,-2,0,2,0,0,-1,1,0,1,1,-1,0,1,-1,0,1,-1,0,0,0,0,0,0,0,0,0,0,0,0,-1,1,1,0,0,-1,0,0,0,0,0,0,0,0,0,0,0,0,0,0,1,0,2,0,1,0,0,0,0,0,0,0,2,0,0,0,-2,1,-1,-1,0,0,0,0,1,0,0,0,0,1,-1,2,0,0,0,0,0,0,0,1,0,0,0,-1,0,0,0,0,0,0,0,0,0,0,0,0,0,0,0,0,0,0,1,0,0,0,1,0,2,0,3,1,0,0,0,2,2,0,0,0,1,-1,0,0,0,-1,0,0,0,0,0,2,0,0,0,0,1,-1,0,0,0,0,0,0,0,0,0,0,1,0,0,0,0,0,0,0,0,0,0,0,0,0,0,0,0,0,0,0,0,0,0,0,0,1,1,0,-1,2,1,0,0,0,2,2,0,0,1,0,0,-1,1,0,0,-1,0,-2,2,0,0,0,0,0,0,0,0,1,0,0,0,0,0,0,0,0,0,0,0,0
FXR98>FXR100,0.8650793650793651,0,0,-2,-1,-2,0,1,1,1,0,0,1,0,1,-2,0,-3,2,0,0,0,-1,0,-2,-2,1,-1,-1,-1,-2,2,-1,0,0,-1,1,0,-1,0,-1,0,0,-1,1,0,-1,2,0,2,2,-2,0,0,0,2,-2,-2,1,-1,0,-2,2,0,-1,-1,0,-1,0,0,0,0,0,1,0,-1,2,0,0,0,1,-2,0,-1,0,0,0,0,0,0,0,-2,0,1,1,-4,0,0,-1,0,0,0,0,0,0,1,0,0,0,-1,0,0,1,0,0,1,1,0,0,0,1,0,-1,1,0,0,0,0,0,2,0,0,1,1,0,0,0,0,1,1,0,0,0,0,0,-1,0,-1,0,-3,0,0,0,0,-2,-2,0,2,0,0,-1,0,0,0,-1,0,0,0,0,1,2,1,0,1,0,0,0,0,0,0,0,1,3,0,0,0,0,-1,0,0,0,0,0,-1,0,0,1,0,1,1,0,0,1,0,1,0,-1,0,0,0,0,0,-1,0,0,-3,0,-1,0,0,0,-6,0,0,3,0,0,2,-1,0,0,0,-1,4,-2,-1,0,0,0,0,0,0,6,1,0,-1,0,0,5,2,2,0,3,0,0,-1,-2
FXR100>FXR98,0.8650793650793651,0,0,2,1,2,0,-1,-1,-1,0,0,-1,0,-1,2,0,3,-2,0,0,0,1,0,2,2,-1,1,1,1,2,-2,1,0,0,1,-1,0,1,0,1,0,0,1,-1,0,1,-2,0,-2,-2,2,0,0,0,-2,2,2,-1,1,0,2,-2,0,1,1,0,1,0,0,0,0,0,-1,0,1,-2,0,0,0,-1,2,0,1,0,0,0,0,0,0,0,2,0,-1,-1,4,0,0,1,0,0,0,0,0,0,-1,0,0,0,1,0,0,-1,0,0,-1,-1,0,0,0,-1,0,1,-1,0,0,0,0,0,-2,0,0,-1,-1,0,0,0,0,-1,-1,0,0,0,0,0,1,0,1,0,3,0,0,0,0,2,2,0,-2,0,0,1,0,0,0,1,0,0,0,0,-1,-2,-1,0,-1,0,0,0,0,0,0,0,-1,-3,0,0,0,0,1,0,0,0,0,0,1,0,0,-1,0,-1,-1,0,0,-1,0,-1,0,1,0,0,0,0,0,1,0,0,3,0,1,0,0,0,6,0,0,-3,0,0,-2,1,0,0,0,1,-4,2,1,0,0,0,0,0,0,-6,-1,0,1,0,0,-5,-2,-2,0,-3,0,0,1,2
FXR96>FXR95,0.875,0,1,-2,0,-1,0,0,1,0,0,0,1,0,0,-1,0,-1,0,0,0,0,-2,-2,0,0,0,-1,-1,-2,2,0,-2,0,0,1,-1,1,-2,1,2,0,-1,0,0,-1,3,-1,2,-2,-2,-2,0,1,0,-2,-1,0,0,0,-1,-3,0,0,2,-1,2,-1,0,-2,0,0,1,-1,0,-1,0,0,0,-1,-1,-2,0,-1,0,1,0,0,0,0,2,-2,0,0,0,1,-1,1,1,1,0,0,-2,-1,0,2,0,0,0,1,-2,0,0,0,0,0,-1,0,-1,0,-1,0,0,1,1,0,1,0,0,-1,0,0,0,0,1,-1,0,0,1,0,0,1,0,0,0,-1,0,-2,0,-4,-1,0,0,0,-2,-2,0,0,0,-1,1,1,0,0,0,1,0,0,0,0,-2,0,1,0,0,-1,1,0,0,3,0,2,1,0,0,0,0,-1,-1,0,0,0,2,1,1,2,1,0,-1,0,-1,1,0,-1,0,0,0,0,0,0,0,0,-1,-1,0,-1,-1,-1,0,0,0,-3,-1,0,0,-1,1,-1,0,-1,0,0,0,0,0,-3,0,0,0,2,1,2,0,0,-1,-1,0,0,-1,0,-1,0,0,0,0,1,-1
FXR95>FXR96,0.875,0,-1,2,0,1,0,0,-1,0,0,0,-1,0,0,1,0,1,0,0,0,0,2,2,0,0,0,1,1,2,-2,0,2,0,0,-1,1,-1,2,-1,-2,0,1,0,0,1,-3,1,-2,2,2,2,0,-1,0,2,1,0,0,0,1,3,0,0,-2,1,-2,1,0,2,0,0,-1,1,0,1,0,0,0,1,1,2,0,1,0,-1,0,0,0,0,-2,2,0,0,0,-1,1,-1,-1,-1,0,0,2,1,0,-2,0,0,0,-1,2,0,0,0,0,0,1,0,1,0,1,0,0,-1,-1,0,-1,0,0,1,0,0,0,0,-1,1,0,0,-1,0,0,-1,0,0,0,1,0,2,0,4,1,0,0,0,2,2,0,0,0,1,-1,-1,0,0,0,-1,0,0,0,0,2,0,-1,0,0,1,-1,0,0,-3,0,-2,-1,0,0,0,0,1,1,0,0,0,-2,-1,-1,-2,-1,0,1,0,1,-1,0,1,0,0,0,0,0,0,0,0,1,1,0,1,1,1,0,0,0,3,1,0,0,1,-1,1,0,1,0,0,0,0,0,3,0,0,0,-2,-1,-2,0,0,1,1,0,0,1,0,1,0,0,0,0,-1,1
FXR99>FXR95,0.8816120906801007,0,1,-1,0,1,0,0,2,0,0,0,1,-1,0,1,0,0,0,0,0,0,-1,0,2,4,0,0,0,0,-1,0,-2,0,0,1,0,1,0,2,2,0,0,-1,0,0,3,0,2,-1,0,0,0,1,0,0,-1,2,0,0,0,0,-2,-1,2,0,1,0,0,0,1,0,1,0,0,0,0,0,0,0,-3,1,-1,1,0,1,0,0,0,0,2,1,-2,0,0,2,0,1,1,1,0,0,0,0,0,2,0,0,1,1,0,0,0,0,0,0,0,0,2,-1,0,0,-2,1,1,0,1,-2,0,0,0,0,0,0,1,1,0,0,1,0,0,2,0,-1,0,1,0,0,0,0,0,0,0,0,2,0,-1,0,0,0,1,1,0,0,0,1,0,0,0,0,0,0,1,0,0,0,1,0,0,3,0,1,2,0,0,0,0,1,1,0,0,0,0,2,1,2,2,0,0,1,-1,1,0,1,0,0,-1,0,0,0,0,0,-1,-1,-2,1,1,-1,0,0,-2,5,1,0,0,0,1,0,0,0,0,0,0,0,0,0,0,0,0,2,1,2,2,0,0,1,0,0,2,-1,0,0,0,-1,0,3,1
FXR95>FXR99,0.8816120906801007,0,-1,1,0,-1,0,0,-2,0,0,0,-1,1,0,-1,0,0,0,0,0,0,1,0,-2,-4,0,0,0,0,1,0,2,0,0,-1,0,-1,0,-2,-2,0,0,1,0,0,-3,0,-2,1,0,0,0,-1,0,0,1,-2,0,0,0,0,2,1,-2,0,-1,0,0,0,-1,0,-1,0,0,0,0,0,0,0,3,-1,1,-1,0,-1,0,0,0,0,-2,-1,2,0,0,-2,0,-1,-1,-1,0,0,0,0,0,-2,0,0,-1,-1,0,0,0,0,0,0,0,0,-2,1,0,0,2,-1,-1,0,-1,2,0,0,0,0,0,0,-1,-1,0,0,-1,0,0,-2,0,1,0,-1,0,0,0,0,0,0,0,0,-2,0,1,0,0,0,-1,-1,0,0,0,-1,0,0,0,0,0,0,-1,0,0,0,-1,0,0,-3,0,-1,-2,0,0,0,0,-1,-1,0,0,0,0,-2,-1,-2,-2,0,0,-1,1,-1,0,-1,0,0,1,0,0,0,0,0,1,1,2,-1,-1,1,0,0,2,-5,-1,0,0,0,-1,0,0,0,0,0,0,0,0,0,0,0,0,-2,-1,-2,-2,0,0,-1,0,0,-2,1,0,0,0,1,0,-3,-1
FXR95>FXR17,0.8549382716049383,0,1,3,0,2,1,0,-1,0,0,1,0,1,0,2,0,-1,2,0,1,0,0,0,-2,-4,0,-1,1,0,-2,0,0,0,0,-1,0,-1,1,-2,-2,0,0,1,1,0,-3,1,-2,4,2,2,3,-1,1,2,3,0,0,0,0,1,2,0,-2,1,1,1,1,2,0,0,-1,1,0,1,2,0,2,0,3,0,1,0,0,-1,1,0,0,0,-2,1,0,0,0,-2,1,-1,-1,-1,0,0,2,0,0,-2,0,0,-1,-1,0,1,0,0,0,0,1,0,0,0,1,0,0,0,0,0,-1,2,0,1,0,0,2,0,1,1,0,2,3,0,2,-2,0,1,0,-1,0,-1,0,-2,0,0,1,0,-1,-2,0,0,2,0,2,-1,0,0,0,-1,0,0,0,0,0,0,-1,0,0,0,-1,0,0,-3,0,-2,-1,0,0,0,0,-1,-1,1,0,0,-1,-1,-1,-1,0,0,1,0,3,-1,1,2,0,0,3,0,0,0,0,0,0,0,0,0,-1,0,3,0,1,-3,-1,1,0,0,-1,1,0,1,0,0,0,0,0,1,1,0,0,-2,-1,0,1,1,0,1,0,2,1,0,1,0,0,2,0,-1,-1
FXR17>FXR95,0.8549382716049383,0,-1,-3,0,-2,-1,0,1,0,0,-1,0,-1,0,-2,0,1,-2,0,-1,0,0,0,2,4,0,1,-1,0,2,0,0,0,0,1,0,1,-1,2,2,0,0,-1,-1,0,3,-1,2,-4,-2,-2,-3,1,-1,-2,-3,0,0,0,0,-1,-2,0,2,-1,-1,-1,-1,-2,0,0,1,-1,0,-1,-2,0,-2,0,-3,0,-1,0,0,1,-1,0,0,0,2,-1,0,0,0,2,-1,1,1,1,0,0,-2,0,0,2,0,0,1,1,0,-1,0,0,0,0,-1,0,0,0,-1,0,0,0,0,0,1,-2,0,-1,0,0,-2,0,-1,-1,0,-2,-3,0,-2,2,0,-1,0,1,0,1,0,2,0,0,-1,0,1,2,0,0,-2,0,-2,1,0,0,0,1,0,0,0,0,0,0,1,0,0,0,1,0,0,3,0,2,1,0,0,0,0,1,1,-1,0,0,1,1,1,1,0,0,-1,0,-3,1,-1,-2,0,0,-3,0,0,0,0,0,0,0,0,0,1,0,-3,0,-1,3,1,-1,0,0,1,-1,0,-1,0,0,0,0,0,-1,-1,0,0,2,1,0,-1,-1,0,-1,0,-2,-1,0,-1,0,0,-2,0,1,1
FXR17>FXR45,0.8447937131630648,1,1,0,0,0,0,3,1,0,0,-1,3,0,0,3,0,0,0,0,0,0,0,3,0,0,6,2,0,0,1,0,6,0,0,0,0,1,0,2,0,0,0,0,1,1,0,0,3,0,-2,1,-1,0,0,0,0,2,1,-1,0,0,-1,0,0,1,0,0,0,1,4,2,0,1,3,0,1,0,0,0,5,0,1,0,0,0,0,0,0,0,0,0,0,0,0,0,0,1,0,0,3,2,0,0,0,3,3,4,6,0,2,0,1,-4,3,0,3,0,1,-2,0,3,4,0,0,-1,0,0,3,3,0,3,2,0,0,0,1,0,1,0,0,0,0,1,0,0,0,1,0,0,0,0,0,0,0,0,0,0,2,0,0,8,0,0,0,1,0,0,0,0,0,8,2,0,3,0,1,-1,0,0,0,-3,0,0,3,0,0,0,0,0,0,0,1,1,0,4,-1,0,4,0,7,0,0,4,0,0,1,0,0,0,6,0,0,0,0,0,0,-1,1,0,3,6,3,0,-1,1,1,0,0,0,0,0,0,3,6,1,4,0,0,9,1,0,1,0,0,0,-1,1,1,0,0,0,0,1,0,2,0
FXR45>FXR17,0.8447937131630648,-1,-1,0,0,0,0,-3,-1,0,0,1,-3,0,0,-3,0,0,0,0,0,0,0,-3,0,0,-6,-2,0,0,-1,0,-6,0,0,0,0,-1,0,-2,0,0,0,0,-1,-1,0,0,-3,0,2,-1,1,0,0,0,0,-2,-1,1,0,0,1,0,0,-1,0,0,0,-1,-4,-2,0,-1,-3,0,-1,0,0,0,-5,0,-1,0,0,0,0,0,0,0,0,0,0,0,0,0,0,-1,0,0,-3,-2,0,0,0,-3,-3,-4,-6,0,-2,0,-1,4,-3,0,-3,0,-1,2,0,-3,-4,0,0,1,0,0,-3,-3,0,-3,-2,0,0,0,-1,0,-1,0,0,0,0,-1,0,0,0,-1,0,0,0,0,0,0,0,0,0,0,-2,0,0,-8,0,0,0,-1,0,0,0,0,0,-8,-2,0,-3,0,-1,1,0,0,0,3,0,0,-3,0,0,0,0,0,0,0,-1,-1,0,-4,1,0,-4,0,-7,0,0,-4,0,0,-1,0,0,0,-6,0,0,0,0,0,0,1,-1,0,-3,-6,-3,0,1,-1,-1,0,0,0,0,0,0,-3,-6,-1,-4,0,0,-9,-1,0,-1,0,0,0,1,-1,-1,0,0,0,0,-1,0,-2,0
FXR95>FXR48,0.8642160540135033,3,2,2,0,1,1,0,2,0,2,4,1,1,0,3,0,-1,2,1,1,0,0,0,-2,-4,1,-1,1,0,-2,0,0,0,0,-1,0,0,0,-1,-2,0,0,0,0,0,-1,0,-2,0,3,0,1,0,1,0,0,0,0,1,0,0,1,0,0,1,2,0,1,0,2,1,0,4,0,0,3,0,0,0,4,-2,1,0,0,-1,1,0,0,0,-2,-2,2,0,0,0,1,-1,-1,-1,0,0,0,1,0,0,0,0,-1,-1,0,0,0,0,1,2,0,0,-1,0,0,0,0,-1,-1,0,0,1,0,0,0,2,3,1,0,2,0,1,1,0,1,3,0,2,0,-1,0,-1,0,-2,0,0,0,1,-1,-1,1,1,1,0,-1,-1,0,1,0,0,0,0,0,1,1,0,1,0,0,0,-1,0,0,0,0,0,3,0,0,0,0,-1,-1,0,0,0,2,0,-1,3,1,2,0,0,1,1,1,4,0,1,2,0,0,1,0,2,-1,0,0,0,-1,1,0,0,0,-4,-1,1,0,1,0,0,1,0,0,0,0,0,0,1,1,0,0,-1,0,1,2,2,1,0,0,2,0,0,0,0,0,2,0,-1,-1
FXR48>FXR95,0.8642160540135033,-3,-2,-2,0,-1,-1,0,-2,0,-2,-4,-1,-1,0,-3,0,1,-2,-1,-1,0,0,0,2,4,-1,1,-1,0,2,0,0,0,0,1,0,0,0,1,2,0,0,0,0,0,1,0,2,0,-3,0,-1,0,-1,0,0,0,0,-1,0,0,-1,0,0,-1,-2,0,-1,0,-2,-1,0,-4,0,0,-3,0,0,0,-4,2,-1,0,0,1,-1,0,0,0,2,2,-2,0,0,0,-1,1,1,1,0,0,0,-1,0,0,0,0,1,1,0,0,0,0,-1,-2,0,0,1,0,0,0,0,1,1,0,0,-1,0,0,0,-2,-3,-1,0,-2,0,-1,-1,0,-1,-3,0,-2,0,1,0,1,0,2,0,0,0,-1,1,1,-1,-1,-1,0,1,1,0,-1,0,0,0,0,0,-1,-1,0,-1,0,0,0,1,0,0,0,0,0,-3,0,0,0,0,1,1,0,0,0,-2,0,1,-3,-1,-2,0,0,-1,-1,-1,-4,0,-1,-2,0,0,-1,0,-2,1,0,0,0,1,-1,0,0,0,4,1,-1,0,-1,0,0,-1,0,0,0,0,0,0,-1,-1,0,0,1,0,-1,-2,-2,-1,0,0,-2,0,0,0,0,0,-2,0,1,1
FXR17>FXR48,0.8736303871439006,3,1,-1,0,-1,0,0,3,0,2,3,1,0,0,1,0,0,0,1,0,0,0,0,0,0,1,0,0,0,0,0,0,0,0,0,0,1,-1,1,0,0,0,-1,-1,0,2,-1,0,-4,1,-2,-2,1,0,-2,-3,0,0,1,0,-1,-1,0,2,0,1,-1,0,-2,2,1,1,3,0,-1,1,0,-2,0,1,-2,0,0,0,0,0,0,0,0,0,-3,2,0,0,2,0,0,0,0,0,0,-2,1,0,2,0,0,0,0,0,-1,0,0,1,2,-1,0,-1,0,-1,0,0,-1,-1,0,1,-1,0,-1,0,2,1,1,-1,1,0,-1,-2,0,-1,5,0,1,0,0,0,0,0,0,0,0,-1,1,0,1,1,1,-1,0,-3,0,0,1,0,1,0,0,0,1,1,0,2,0,0,0,0,0,0,3,0,2,4,0,0,0,0,0,0,-1,0,0,3,1,0,4,1,2,-1,0,-2,2,0,2,0,1,-1,0,0,1,0,2,-1,0,0,0,0,1,-3,0,-1,-1,0,0,0,1,1,-1,1,-1,0,0,0,0,0,0,0,0,0,1,1,1,1,1,1,-1,0,0,-1,0,-1,0,0,0,0,0,0
FXR48>FXR17,0.8736303871439006,-3,-1,1,0,1,0,0,-3,0,-2,-3,-1,0,0,-1,0,0,0,-1,0,0,0,0,0,0,-1,0,0,0,0,0,0,0,0,0,0,-1,1,-1,0,0,0,1,1,0,-2,1,0,4,-1,2,2,-1,0,2,3,0,0,-1,0,1,1,0,-2,0,-1,1,0,2,-2,-1,-1,-3,0,1,-1,0,2,0,-1,2,0,0,0,0,0,0,0,0,0,3,-2,0,0,-2,0,0,0,0,0,0,2,-1,0,-2,0,0,0,0,0,1,0,0,-1,-2,1,0,1,0,1,0,0,1,1,0,-1,1,0,1,0,-2,-1,-1,1,-1,0,1,2,0,1,-5,0,-1,0,0,0,0,0,0,0,0,1,-1,0,-1,-1,-1,1,0,3,0,0,-1,0,-1,0,0,0,-1,-1,0,-2,0,0,0,0,0,0,-3,0,-2,-4,0,0,0,0,0,0,1,0,0,-3,-1,0,-4,-1,-2,1,0,2,-2,0,-2,0,-1,1,0,0,-1,0,-2,1,0,0,0,0,-1,3,0,1,1,0,0,0,-1,-1,1,-1,1,0,0,0,0,0,0,0,0,0,-1,-1,-1,-1,-1,-1,1,0,0,1,0,1,0,0,0,0,0,0
